frame_number,received_time,sent_time,delay_seconds,number_markers
2,1581019707598401069,1581019707420616654,0.177784415,2
3,1581019707670278072,1581019707490061027,0.180217045,2
4,1581019707786411046,1581019707592180056,0.19423099,2
5,1581019707850035905,1581019707659918280,0.190117625,2
6,1581019707956238985,1581019707761562226,0.194676759,2
7,1581019708018048048,1581019707829217914,0.188830134,2
8,1581019708122109889,1581019707930783973,0.191325916,2
9,1581019708185738086,1581019707998430292,0.187307794,2
10,1581019708288067102,1581019708099986240,0.188080862,2
11,1581019708354590892,1581019708167646021,0.186944871,2
12,1581019708457515001,1581019708269163137,0.188351864,2
13,1581019708521059989,1581019708336931730,0.184128259,2
14,1581019708625530958,1581019708438576528,0.18695443,2
15,1581019708688328027,1581019708506275142,0.182052885,2
16,1581019708791819095,1581019708607788276,0.184030819,2
17,1581019708855429887,1581019708675616795,0.179813092,2
18,1581019708959609985,1581019708777109781,0.182500204,2
19,1581019709023765087,1581019708844806209,0.178958878,2
20,1581019709128376007,1581019708946410897,0.18196511,2
21,1581019709195261955,1581019709014159528,0.181102427,2
22,1581019709296552896,1581019709115808012,0.180744884,2
23,1581019709357373952,1581019709183576235,0.173797717,2
24,1581019709459444999,1581019709285197126,0.174247873,2
25,1581019709524677038,1581019709353006552,0.171670486,2
26,1581019709626265048,1581019709454683998,0.17158105,2
27,1581019709692797899,1581019709522367000,0.170430899,2
28,1581019709793700933,1581019709624096408,0.169604525,2
29,1581019709860094070,1581019709691894390,0.16819968,2
30,1581019709961918115,1581019709793555447,0.168362668,2
31,1581019710027077913,1581019709861190210,0.165887703,2
32,1581019710128982067,1581019709962899099,0.166082968,2
33,1581019710194817066,1581019710030550362,0.164266704,2
34,1581019710296114921,1581019710132406396,0.163708525,2
35,1581019710362605094,1581019710200108176,0.162496918,2
36,1581019710464521884,1581019710301972803,0.162549081,2
37,1581019710529206037,1581019710369696750,0.159509287,2
38,1581019710631599903,1581019710471418527,0.160181376,2
39,1581019710698271036,1581019710505231270,0.193039766,2
40,1581019710805516004,1581019710607103971,0.198412033,2
41,1581019710867595911,1581019710674774437,0.192821474,2
42,1581019710970333099,1581019710776502511,0.193830588,2
43,1581019711031532049,1581019710844172181,0.187359868,2
44,1581019711138148069,1581019710945736555,0.192411514,2
45,1581019711199428081,1581019711013389854,0.186038227,2
46,1581019711304560899,1581019711115003283,0.189557616,2
47,1581019711366812944,1581019711182666045,0.184146899,2
48,1581019711472012996,1581019711284201938,0.187811058,2
49,1581019711534255027,1581019711351884293,0.182370734,2
50,1581019711639688968,1581019711453491092,0.186197876,2
51,1581019711703018903,1581019711521229316,0.181789587,2
52,1581019711806725025,1581019711622752487,0.183972538,2
53,1581019711869450092,1581019711690471526,0.178978566,2
54,1581019711972385883,1581019711791961401,0.180424482,2
55,1581019712036755084,1581019711859831252,0.176923832,2
56,1581019712139344930,1581019711961425792,0.177919138,2
57,1581019712205822944,1581019712029138794,0.17668415,2
58,1581019712306969881,1581019712130762334,0.176207547,2
59,1581019712372973918,1581019712198571945,0.174401973,2
60,1581019712474859952,1581019712300585550,0.174274402,2
61,1581019712540683984,1581019712368398568,0.172285416,2
62,1581019712642349958,1581019712470055200,0.172294758,2
63,1581019712707921028,1581019712537894273,0.170026755,2
64,1581019712809541940,1581019712639552497,0.169989443,2
65,1581019712876214981,1581019712707191704,0.169023277,2
66,1581019712977494001,1581019712808883613,0.168610388,2
67,1581019713042958974,1581019712876710372,0.166248602,2
68,1581019713145117044,1581019712978309615,0.166807429,2
69,1581019713211132049,1581019713045928008,0.165204041,2
70,1581019713312789916,1581019713147862300,0.164927616,2
71,1581019713377916097,1581019713215545340,0.162370757,2
72,1581019713479913949,1581019713317478484,0.162435465,2
73,1581019713545960903,1581019713385124895,0.160836008,2
74,1581019713647233963,1581019713486852339,0.160381624,2
75,1581019713713392019,1581019713554592952,0.158799067,2
76,1581019713814018011,1581019713622472266,0.191545745,2
77,1581019713880992889,1581019713690132621,0.190860268,2
78,1581019713982336997,1581019713791686402,0.190650595,2
79,1581019714047775983,1581019713859474829,0.188301154,2
80,1581019714150043010,1581019713961033407,0.189009603,2
81,1581019714221518039,1581019714028653022,0.192865017,2
82,1581019714317019939,1581019714130150638,0.186869301,2
83,1581019714386441946,1581019714197863214,0.188578732,2
84,1581019714484179973,1581019714299493142,0.184686831,2
85,1581019714554816961,1581019714367175904,0.187641057,2
86,1581019714651524066,1581019714468747556,0.18277651,2
87,1581019714721303939,1581019714536482002,0.184821937,2
88,1581019714818881034,1581019714638081227,0.180799807,2
89,1581019714888520956,1581019714705830895,0.182690061,2
90,1581019714987030029,1581019714807436379,0.17959365,2
91,1581019715057081937,1581019714875195288,0.181886649,2
92,1581019715154643058,1581019714976849493,0.177793565,2
93,1581019715225071907,1581019715044604958,0.180466949,2
94,1581019715322493076,1581019715146159739,0.176333337,2
95,1581019715391513109,1581019715213946258,0.177566851,2
96,1581019715490230083,1581019715316070879,0.174159204,2
97,1581019715560187101,1581019715383917823,0.176269278,2
98,1581019715657114982,1581019715485682674,0.171432308,2
99,1581019715726386070,1581019715553795650,0.17259042,2
100,1581019715824255943,1581019715655499354,0.168756589,2
101,1581019715894063949,1581019715723173820,0.170890129,2
102,1581019715991796016,1581019715825066742,0.166729274,2
103,1581019716062932968,1581019715892843836,0.170089132,2
104,1581019716159301042,1581019715994532299,0.164768743,2
105,1581019716230113029,1581019716062152674,0.167960355,2
106,1581019716326541900,1581019716164041189,0.162500711,2
107,1581019716396500110,1581019716231864893,0.164635217,2
108,1581019716494050025,1581019716333853609,0.160196416,2
109,1581019716564179897,1581019716401544705,0.162635192,2
110,1581019716661767005,1581019716503251242,0.158515763,2
111,1581019716730170965,1581019716537092503,0.193078462,2
112,1581019716828939914,1581019716638765708,0.190174206,2
113,1581019716897460937,1581019716706397267,0.19106367,2
114,1581019716996495008,1581019716807933234,0.188561774,2
115,1581019717066176891,1581019716875596997,0.190579894,2
116,1581019717164284944,1581019716977119464,0.18716548,2
117,1581019717233002901,1581019717044779912,0.188222989,2
118,1581019717331953048,1581019717146303453,0.185649595,2
119,1581019717400358915,1581019717213999104,0.186359811,2
120,1581019717499068021,1581019717315813751,0.18325427,2
121,1581019717568691015,1581019717383470735,0.18522028,2
122,1581019717666784048,1581019717484992888,0.18179116,2
123,1581019717735219001,1581019717552816110,0.182402891,2
124,1581019717834067106,1581019717654394947,0.179672159,2
125,1581019717902700901,1581019717722170892,0.180530009,2
126,1581019718001668930,1581019717824113906,0.177555024,2
127,1581019718071085929,1581019717891962535,0.179123394,2
128,1581019718170000076,1581019717993764922,0.176235154,2
129,1581019718238362073,1581019718061657402,0.176704671,2
130,1581019718337541103,1581019718163642786,0.173898317,2
131,1581019718405232906,1581019718231645041,0.173587865,2
132,1581019718504785060,1581019718333338653,0.171446407,2
133,1581019718573321104,1581019718401271873,0.172049231,2
134,1581019718672646999,1581019718502913356,0.169733643,2
135,1581019718740473031,1581019718570644061,0.16982897,2
136,1581019718839458942,1581019718672546187,0.166912755,2
137,1581019718907548904,1581019718740384687,0.167164217,2
138,1581019719007430076,1581019718842041170,0.165388906,2
139,1581019719075675010,1581019718909787394,0.165887616,2
140,1581019719174768924,1581019719011897774,0.16287115,2
141,1581019719242870092,1581019719079610017,0.163260075,2
142,1581019719342288017,1581019719181385183,0.160902834,2
143,1581019719410109043,1581019719249110037,0.160999006,2
144,1581019719509597063,1581019719350940424,0.158656639,2
145,1581019719578207969,1581019719384733185,0.193474784,2
146,1581019719677133083,1581019719486662903,0.19047018,2
147,1581019719744887113,1581019719554368221,0.190518892,2
148,1581019719844805955,1581019719655948205,0.18885775,2
149,1581019719912390947,1581019719724050292,0.188340655,2
150,1581019720012285947,1581019719825718071,0.186567876,2
151,1581019720081002950,1581019719893405889,0.187597061,2
152,1581019720179976940,1581019719994951392,0.185025548,2
153,1581019720248007059,1581019720062662432,0.185344627,2
154,1581019720347630977,1581019720164263416,0.183367561,2
155,1581019720415028095,1581019720232019195,0.1830089,2
156,1581019720514889001,1581019720333670086,0.181218915,2
157,1581019720583070993,1581019720401559806,0.181511187,2
158,1581019720682851076,1581019720503129717,0.179721359,2
159,1581019720751877069,1581019720570886700,0.180990369,2
160,1581019720849697113,1581019720672577608,0.177119505,2
161,1581019720922780990,1581019720740423441,0.182357549,2
162,1581019721019243955,1581019720841962778,0.177281177,2
163,1581019721090893983,1581019720909772538,0.181121445,2
164,1581019721187480926,1581019721011356874,0.176124052,2
165,1581019721256469964,1581019721079142930,0.177327034,2
166,1581019721354553937,1581019721180793247,0.17376069,2
167,1581019721422046899,1581019721248586062,0.173460837,2
168,1581019721522382020,1581019721350192472,0.172189548,2
169,1581019721589350938,1581019721418027990,0.171322948,2
170,1581019721690423011,1581019721519878803,0.170544208,2
171,1581019721755942106,1581019721587638211,0.168303895,2
172,1581019721856836080,1581019721689383766,0.167452314,2
173,1581019721923686027,1581019721757816013,0.165870014,2
174,1581019722023844003,1581019721859835358,0.164008645,2
175,1581019722091559886,1581019721927532805,0.164027081,2
176,1581019722191220045,1581019722029363970,0.161856075,2
177,1581019722258388042,1581019722097071824,0.161316218,2
178,1581019722362844944,1581019722198930747,0.163914197,2
179,1581019722428916931,1581019722232706528,0.196210403,2
180,1581019722526457071,1581019722334790187,0.191666884,2
181,1581019722593580007,1581019722402473320,0.191106687,2
182,1581019722694150924,1581019722504053156,0.190097768,2
183,1581019722760457992,1581019722571754862,0.18870313,2
184,1581019722861800909,1581019722673293163,0.188507746,2
185,1581019722928385019,1581019722741012591,0.187372428,2
186,1581019723029351949,1581019722842722313,0.186629636,2
187,1581019723096417903,1581019722910452000,0.185965903,2
188,1581019723197500944,1581019723012260554,0.18524039,2
189,1581019723263168096,1581019723080061906,0.18310619,2
190,1581019723364857912,1581019723181706408,0.183151504,2
191,1581019723431076049,1581019723249459465,0.181616584,2
192,1581019723532002925,1581019723351027321,0.180975604,2
193,1581019723598851919,1581019723418783192,0.180068727,2
194,1581019723699920892,1581019723520386380,0.179534512,2
195,1581019723766088008,1581019723588224269,0.177863739,2
196,1581019723867351055,1581019723690171653,0.177179402,2
197,1581019723934509992,1581019723758028726,0.176481266,2
198,1581019724035121917,1581019723860113719,0.175008198,2
199,1581019724101946115,1581019723928210101,0.173736014,2
200,1581019724202697038,1581019724029940805,0.172756233,2
201,1581019724268946886,1581019724097843266,0.17110362,2
202,1581019724370389938,1581019724199535508,0.17085443,2
203,1581019724437531948,1581019724267261399,0.170270549,2
204,1581019724537508010,1581019724369134451,0.168373559,2
205,1581019724604340076,1581019724436797695,0.167542381,2
206,1581019724704986095,1581019724538820356,0.166165739,2
207,1581019724771953105,1581019724606509007,0.165444098,2
208,1581019724872453927,1581019724708416410,0.164037517,2
209,1581019724939158916,1581019724776130468,0.163028448,2
210,1581019725040275096,1581019724877986910,0.162288186,2
211,1581019725106683969,1581019724945810780,0.160873189,2
212,1581019725206919908,1581019725047611686,0.159308222,2
213,1581019725273766040,1581019725081435706,0.192330334,2
214,1581019725373929977,1581019725183891617,0.19003836,2
215,1581019725441591024,1581019725251548028,0.190042996,2
216,1581019725541352987,1581019725353038422,0.188314565,2
217,1581019725609162092,1581019725420777460,0.188384632,2
218,1581019725708961963,1581019725522362093,0.18659987,2
219,1581019725776226997,1581019725590113243,0.186113754,2
220,1581019725876822948,1581019725691803706,0.185019242,2
221,1581019725944149971,1581019725759552504,0.184597467,2
222,1581019726044184923,1581019725861189154,0.182995769,2
223,1581019726111592054,1581019725928938878,0.182653176,2
224,1581019726212692975,1581019726030546103,0.182146872,2
225,1581019726278958082,1581019726098317252,0.18064083,2
226,1581019726380173921,1581019726199926829,0.180247092,2
227,1581019726446866989,1581019726267767847,0.179099142,2
228,1581019726547018051,1581019726369465255,0.177552796,2
229,1581019726614363908,1581019726437268940,0.177094968,2
230,1581019726715071916,1581019726538937386,0.17613453,2
231,1581019726782147884,1581019726606821107,0.175326777,2
232,1581019726882929086,1581019726708730159,0.174198927,2
233,1581019726949776887,1581019726776697656,0.173079231,2
234,1581019727050525903,1581019726878290399,0.172235504,2
235,1581019727117592096,1581019726946131899,0.171460197,2
236,1581019727218152046,1581019727047917323,0.170234723,2
237,1581019727284944057,1581019727116022799,0.168921258,2
238,1581019727391895055,1581019727219024179,0.172870876,2
239,1581019727451576948,1581019727286650720,0.164926228,2
240,1581019727558399915,1581019727388316814,0.170083101,2
241,1581019727619502067,1581019727455961300,0.163540767,2
242,1581019727721116065,1581019727557681874,0.163434191,2
243,1581019727786796092,1581019727625351729,0.161444363,2
244,1581019727887537956,1581019727727198504,0.160339452,2
245,1581019727954628944,1581019727794860378,0.159768566,2
246,1581019728055970907,1581019727863056148,0.192914759,2
247,1581019728122611999,1581019727930800057,0.191811942,2
248,1581019728221992969,1581019728032283599,0.18970937,2
249,1581019728295116901,1581019728099944843,0.195172058,2
250,1581019728391302108,1581019728201471347,0.189830761,2
251,1581019728461433887,1581019728269127777,0.19230611,2
252,1581019728560142993,1581019728370706224,0.189436769,2
253,1581019728629656076,1581019728438370061,0.191286015,2
254,1581019728725049972,1581019728539939213,0.185110759,2
255,1581019728796623945,1581019728607734213,0.188889732,2
256,1581019728892335891,1581019728709315457,0.183020434,2
257,1581019728963567972,1581019728777030533,0.186537439,2
258,1581019729060336112,1581019728878572334,0.181763778,2
259,1581019729130444049,1581019728946333150,0.184110899,2
260,1581019729228591918,1581019729047863876,0.180728042,2
261,1581019729294899940,1581019729116032795,0.178867145,2
262,1581019729395582914,1581019729217811720,0.177771194,2
263,1581019729464598894,1581019729285592572,0.179006322,2
264,1581019729563179969,1581019729387174464,0.176005505,2
265,1581019729635663986,1581019729455031408,0.180632578,2
266,1581019729731384038,1581019729556924275,0.174459763,2
267,1581019729797874927,1581019729624638092,0.173236835,2
268,1581019729897983074,1581019729726332333,0.171650741,2
269,1581019729966173887,1581019729794051650,0.172122237,2
270,1581019730065433025,1581019729895902518,0.169530507,2
271,1581019730136960029,1581019729963570262,0.173389767,2
272,1581019730233546972,1581019730065406297,0.168140675,2
273,1581019730305226087,1581019730133101522,0.172124565,2
274,1581019730400239944,1581019730234657803,0.165582141,2
275,1581019730475563049,1581019730302322714,0.173240335,2
276,1581019730575314044,1581019730403994678,0.171319366,2
277,1581019730637053012,1581019730471774846,0.165278166,2
278,1581019730736358880,1581019730573582437,0.162776443,2
279,1581019730804462909,1581019730641234662,0.163228247,2
280,1581019730903105974,1581019730743037068,0.160068906,2
281,1581019730971916913,1581019730810689220,0.161227693,2
282,1581019731070239067,1581019730878763455,0.191475612,2
283,1581019731139888048,1581019730946496457,0.193391591,2
284,1581019731241832971,1581019731048044535,0.193788436,2
285,1581019731306652069,1581019731115876646,0.190775423,2
286,1581019731406701087,1581019731217496667,0.18920442,2
287,1581019731473861932,1581019731285154615,0.188707317,2
288,1581019731573678016,1581019731386772728,0.186905288,2
289,1581019731641653060,1581019731454474823,0.187178237,2
290,1581019731744023084,1581019731556143028,0.187880056,2
291,1581019731808943986,1581019731624115155,0.184828831,2
292,1581019731909058094,1581019731725632622,0.183425472,2
293,1581019731976356983,1581019731793359180,0.182997803,2
294,1581019732076374053,1581019731894987589,0.181386464,2
295,1581019732144293069,1581019731962707795,0.181585274,2
296,1581019732243639945,1581019732064289373,0.179350572,2
297,1581019732316438913,1581019732132125113,0.1843138,2
298,1581019732414829969,1581019732236505334,0.178324635,2
299,1581019732483795881,1581019732304211189,0.179584692,2
300,1581019732579206943,1581019732405796229,0.173410714,2
301,1581019732648597002,1581019732473618284,0.174978718,2
302,1581019732749314069,1581019732575283212,0.174030857,2
303,1581019732815154075,1581019732643097601,0.172056474,2
304,1581019732918154954,1581019732744599939,0.173555015,2
305,1581019732982908964,1581019732812420605,0.170488359,2
306,1581019733084079980,1581019732913977979,0.170102001,2
307,1581019733148068904,1581019732981751184,0.16631772,2
308,1581019733251019001,1581019733083243134,0.167775867,2
309,1581019733316293954,1581019733150966876,0.165327078,2
310,1581019733418206930,1581019733252763857,0.165443073,2
311,1581019733482188940,1581019733320415916,0.161773024,2
312,1581019733589904069,1581019733422168934,0.167735135,2
313,1581019733653614044,1581019733489966008,0.163648036,2
314,1581019733753027915,1581019733591813672,0.161214243,2
315,1581019733818033933,1581019733659469269,0.158564664,2
316,1581019733920273065,1581019733727312861,0.192960204,2
317,1581019733984525918,1581019733794947216,0.189578702,2
318,1581019734087466001,1581019733896477443,0.190988558,2
319,1581019734153080940,1581019733964129317,0.188951623,2
320,1581019734254662990,1581019734065721875,0.188941115,2
321,1581019734320772886,1581019734133366712,0.187406174,2
322,1581019734422270059,1581019734234960215,0.187309844,2
323,1581019734486987113,1581019734302633996,0.184353117,2
324,1581019734592822074,1581019734404186815,0.188635259,2
325,1581019734661919116,1581019734471916520,0.190002596,2
326,1581019734767046928,1581019734573742630,0.193304298,2
327,1581019734845302104,1581019734642036768,0.203265336,2
328,1581019734965732097,1581019734777725285,0.188006812,2
329,1581019735029110908,1581019734845461880,0.183649028,2
330,1581019735133305072,1581019734947231119,0.186073953,2
331,1581019735196907997,1581019735014998417,0.18190958,2
332,1581019735300736904,1581019735116724121,0.184012783,2
333,1581019735364475965,1581019735184450919,0.180025046,2
334,1581019735469409942,1581019735286199141,0.183210801,2
335,1581019735530759096,1581019735354148694,0.176610402,2
336,1581019735637449026,1581019735455950674,0.181498352,2
337,1581019735700408935,1581019735523960151,0.176448784,2
338,1581019735806282997,1581019735625982923,0.180300074,2
339,1581019735887291908,1581019735693861792,0.193430116,2
340,1581019736008208036,1581019735829892357,0.178315679,2
341,1581019736087934970,1581019735898081016,0.189853954,2
342,1581019736207210063,1581019736033810903,0.17339916,2
343,1581019736270838022,1581019736101641181,0.169196841,2
344,1581019736374202013,1581019736203563751,0.170638262,2
345,1581019736438143968,1581019736271684837,0.166459131,2
346,1581019736544878959,1581019736373721053,0.171157906,2
347,1581019736623305082,1581019736441667291,0.181637791,2
348,1581019736739909887,1581019736543430698,0.196479189,2
349,1581019736806638002,1581019736611170699,0.195467303,2
350,1581019736910151004,1581019736712717833,0.197433171,2
351,1581019736975157022,1581019736780484741,0.194672281,2
352,1581019737076790094,1581019736882528142,0.194261952,2
353,1581019737139858007,1581019736950527786,0.189330221,2
354,1581019737250648021,1581019737054133247,0.196514774,2
355,1581019737326417922,1581019737121886285,0.204531637,2
356,1581019737443147897,1581019737257523581,0.185624316,2
357,1581019737507416963,1581019737325184789,0.182232174,2
358,1581019737611149072,1581019737426694034,0.184455038,2
359,1581019737674880981,1581019737494421277,0.180459704,2
360,1581019737781526088,1581019737596064353,0.185461735,2
361,1581019737843173027,1581019737663864149,0.179308878,2
362,1581019737946192026,1581019737765390709,0.180801317,2
363,1581019738010179042,1581019737833164470,0.177014572,2
364,1581019738114411115,1581019737934702270,0.179708845,2
365,1581019738178271055,1581019738002646415,0.17562464,2
366,1581019738281404972,1581019738104307713,0.177097259,2
367,1581019738346441030,1581019738172325172,0.174115858,2
368,1581019738446706056,1581019738274351277,0.172354779,2
369,1581019738513899087,1581019738342082520,0.171816567,2
370,1581019738615609884,1581019738443854556,0.171755328,2
371,1581019738681546926,1581019738511608594,0.169938332,2
372,1581019738786911010,1581019738613660587,0.173250423,2
373,1581019738850680112,1581019738681489735,0.169190377,2
374,1581019738951607942,1581019738782977278,0.168630664,2
375,1581019739014484882,1581019738850630151,0.163854731,2
376,1581019739118257045,1581019738952387206,0.165869839,2
377,1581019739182465076,1581019739020102227,0.162362849,2
378,1581019739284605026,1581019739121833727,0.162771299,2
379,1581019739349642038,1581019739189521267,0.160120771,2
380,1581019739452299118,1581019739257462450,0.194836668,2
381,1581019739515813112,1581019739325080528,0.190732584,2
382,1581019739620812892,1581019739426547386,0.194265506,2
383,1581019739685267925,1581019739494213759,0.191054166,2
384,1581019739785644054,1581019739595850261,0.189793793,2
385,1581019739854432106,1581019739663481117,0.190950989,2
386,1581019739952059030,1581019739764996011,0.187063019,2
387,1581019740022355079,1581019739832743012,0.189612067,2
388,1581019740121001005,1581019739934294590,0.186706415,2
389,1581019740189105033,1581019740002028666,0.187076367,2
390,1581019740287482023,1581019740103754314,0.183727709,2
391,1581019740357219934,1581019740171480576,0.185739358,2
392,1581019740454930067,1581019740273006191,0.181923876,2
393,1581019740524892091,1581019740340768470,0.184123621,2
394,1581019740623413085,1581019740442301734,0.181111351,2
395,1581019740692883014,1581019740510076049,0.182806965,2
396,1581019740799212932,1581019740611757921,0.187455011,2
397,1581019740859534978,1581019740679951820,0.179583158,2
398,1581019740962138891,1581019740781564286,0.180574605,2
399,1581019741027303934,1581019740849352675,0.177951259,2
400,1581019741130126953,1581019740950894161,0.179232792,2
401,1581019741194582939,1581019741018677532,0.175905407,2
402,1581019741295497894,1581019741120201351,0.175296543,2
403,1581019741361845016,1581019741188241458,0.173603558,2
404,1581019741462832927,1581019741289963847,0.17286908,2
405,1581019741530256986,1581019741357784958,0.172472028,2
406,1581019741630681991,1581019741459469329,0.171212662,2
407,1581019741697109937,1581019741527160258,0.169949679,2
408,1581019741797566890,1581019741628701558,0.168865332,2
409,1581019741865866899,1581019741696359266,0.169507633,2
410,1581019741964617013,1581019741798120098,0.166496915,2
411,1581019742033272981,1581019741866447125,0.166825856,2
412,1581019742132141113,1581019741968246216,0.163894897,2
413,1581019742200965881,1581019742035945792,0.165020089,2
414,1581019742299545049,1581019742137708940,0.161836109,2
415,1581019742369899034,1581019742205390313,0.164508721,2
416,1581019742465955972,1581019742307142516,0.158813456,2
417,1581019742536941051,1581019742340955333,0.195985718,2
418,1581019742634135961,1581019742442553244,0.191582717,2
419,1581019742700907945,1581019742510223265,0.19068468,2
420,1581019742801135063,1581019742611824083,0.18931098,2
421,1581019742868077039,1581019742679494531,0.188582508,2
422,1581019742968682050,1581019742781055071,0.187626979,2
423,1581019743035934925,1581019742848700853,0.187234072,2
424,1581019743136730909,1581019742950272727,0.186458182,2
425,1581019743203649044,1581019743018007358,0.185641686,2
426,1581019743303646087,1581019743119868874,0.183777213,2
427,1581019743372361898,1581019743187556766,0.184805132,2
428,1581019743471021890,1581019743289162509,0.181859381,2
429,1581019743542362928,1581019743356903529,0.185459399,2
430,1581019743639277935,1581019743458451737,0.180826198,2
431,1581019743707638978,1581019743526175406,0.181463572,2
432,1581019743806242942,1581019743627692725,0.178550217,2
433,1581019743873461961,1581019743695474855,0.177987106,2
434,1581019743973977088,1581019743797043285,0.176933803,2
435,1581019744041479110,1581019743864797064,0.176682046,2
436,1581019744142266035,1581019743966546934,0.175719101,2
437,1581019744209494113,1581019744034451229,0.175042884,2
438,1581019744309231042,1581019744136234598,0.172996444,2
439,1581019744376255989,1581019744204174281,0.172081708,2
440,1581019744476751089,1581019744305879096,0.170871993,2
441,1581019744544595956,1581019744373678059,0.170917897,2
442,1581019744644855976,1581019744475304765,0.169551211,2
443,1581019744711235046,1581019744543068526,0.16816652,2
444,1581019744811628103,1581019744645436531,0.166191572,2
445,1581019744879061937,1581019744713107552,0.165954385,2
446,1581019744979384899,1581019744814721814,0.164663085,2
447,1581019745046719074,1581019744882372429,0.164346645,2
448,1581019745146950960,1581019744984382423,0.162568537,2
449,1581019745215476989,1581019745052112981,0.163364008,2
450,1581019745313889980,1581019745153890683,0.159999297,2
451,1581019745384135007,1581019745221637370,0.162497637,2
452,1581019745483371973,1581019745289507721,0.193864252,2
453,1581019745548995018,1581019745357257871,0.191737147,2
454,1581019745655869960,1581019745458874966,0.196994994,2
455,1581019745721767902,1581019745526512488,0.195255414,2
456,1581019745817800045,1581019745628190119,0.189609926,2
457,1581019745884170055,1581019745695941620,0.188228435,2
458,1581019745985380887,1581019745797588030,0.187792857,2
459,1581019746050931930,1581019745865253644,0.185678286,2
460,1581019746153302907,1581019745966856758,0.186446149,2
461,1581019746219952106,1581019746034544798,0.185407308,2
462,1581019746320348978,1581019746136220095,0.184128883,2
463,1581019746388093948,1581019746204026373,0.184067575,2
464,1581019746487828016,1581019746305749855,0.182078161,2
465,1581019746553555965,1581019746373559800,0.179996165,2
466,1581019746655843973,1581019746475219468,0.180624505,2
467,1581019746721342086,1581019746542977673,0.178364413,2
468,1581019746822626113,1581019746644616619,0.178009494,2
469,1581019746892184019,1581019746712447564,0.179736455,2
470,1581019746990710020,1581019746813942828,0.176767192,2
471,1581019747063838005,1581019746881722366,0.182115639,2
472,1581019747160284042,1581019746983604029,0.176680013,2
473,1581019747228641033,1581019747051378253,0.17726278,2
474,1581019747325675964,1581019747153278027,0.172397937,2
475,1581019747394347906,1581019747221322541,0.173025365,2
476,1581019747493750095,1581019747322898137,0.170851958,2
477,1581019747560403108,1581019747390623102,0.169780006,2
478,1581019747661231994,1581019747492199475,0.169032519,2
479,1581019747727495908,1581019747559948180,0.167547728,2
480,1581019747828438043,1581019747661620867,0.166817176,2
481,1581019747894397020,1581019747729297296,0.165099724,2
482,1581019747996148109,1581019747831084924,0.165063185,2
483,1581019748062544107,1581019747898795742,0.163748365,2
484,1581019748162308931,1581019748000657294,0.161651637,2
485,1581019748230696916,1581019748068349779,0.162347137,2
486,1581019748329864978,1581019748170065020,0.159799958,2
487,1581019748397249937,1581019748237917871,0.159332066,2
488,1581019748497441053,1581019748305768889,0.191672164,2
489,1581019748564861059,1581019748373488002,0.191373057,2
490,1581019748665049076,1581019748475064117,0.189984959,2
491,1581019748732867002,1581019748542751638,0.190115364,2
492,1581019748832461118,1581019748644259476,0.188201642,2
493,1581019748900479078,1581019748712100494,0.188378584,2
494,1581019749000507116,1581019748813685886,0.18682123,2
495,1581019749067527055,1581019748881359167,0.186167888,2
496,1581019749167867898,1581019748983021965,0.184845933,2
497,1581019749236190080,1581019749050729764,0.185460316,2
498,1581019749335041046,1581019749152323711,0.182717335,2
499,1581019749403371095,1581019749220119119,0.183251976,2
500,1581019749503173112,1581019749321679493,0.181493619,2
501,1581019749570375919,1581019749389406514,0.180969405,2
502,1581019749670634984,1581019749491362916,0.179272068,2
503,1581019749739623069,1581019749559086900,0.180536169,2
504,1581019749837955951,1581019749660711828,0.177244123,2
505,1581019749908292055,1581019749728496199,0.179795856,2
506,1581019750005994081,1581019749830197718,0.175796363,2
507,1581019750075345039,1581019749898016793,0.177328246,2
508,1581019750173552036,1581019749999755181,0.173796855,2
509,1581019750243844985,1581019750067570681,0.176274304,2
510,1581019750340893983,1581019750169187869,0.171706114,2
511,1581019750410481929,1581019750237022721,0.173459208,2
512,1581019750508672952,1581019750338553225,0.170119727,2
513,1581019750577625036,1581019750406265394,0.171359642,2
514,1581019750675615072,1581019750507903192,0.16771188,2
515,1581019750744997024,1581019750575631528,0.169365496,2
516,1581019750843303918,1581019750677153569,0.166150349,2
517,1581019750912700891,1581019750744876497,0.167824394,2
518,1581019751011066913,1581019750846581590,0.164485323,2
519,1581019751077742099,1581019750914244890,0.163497209,2
520,1581019751178121089,1581019751016254643,0.161866446,2
521,1581019751246195077,1581019751083967498,0.162227579,2
522,1581019751345719099,1581019751185716368,0.160002731,2
523,1581019751413362026,1581019751253459166,0.15990286,2
524,1581019751513803005,1581019751354771212,0.159031793,2
525,1581019751584872961,1581019751422154462,0.162718499,2
526,1581019751681788921,1581019751489880075,0.191908846,2
527,1581019751749735116,1581019751557592429,0.192142687,2
528,1581019751849025964,1581019751659123470,0.189902494,2
529,1581019751916709899,1581019751726930711,0.189779188,2
530,1581019752017244100,1581019751828473919,0.188770181,2
531,1581019752084381103,1581019751896127960,0.188253143,2
532,1581019752184545040,1581019751997699389,0.186845651,2
533,1581019752252191066,1581019752065393984,0.186797082,2
534,1581019752351911067,1581019752167006302,0.184904765,2
535,1581019752419611930,1581019752234741748,0.184870182,2
536,1581019752519222021,1581019752336358973,0.182863048,2
537,1581019752586940050,1581019752404130733,0.182809317,2
538,1581019752686924934,1581019752505695626,0.181229308,2
539,1581019752754292011,1581019752573438424,0.180853587,2
540,1581019752854111909,1581019752675012557,0.179099352,2
541,1581019752921977043,1581019752742772021,0.179205022,2
542,1581019753021771907,1581019752844407597,0.17736431,2
543,1581019753089397907,1581019752912222727,0.17717518,2
544,1581019753189918994,1581019753013995004,0.17592399,2
545,1581019753257925987,1581019753081865058,0.176060929,2
546,1581019753357000112,1581019753183860442,0.17313967,2
547,1581019753425349950,1581019753251910215,0.173439735,2
548,1581019753524967908,1581019753353436645,0.171531263,2
549,1581019753592700958,1581019753421153092,0.171547866,2
550,1581019753692631006,1581019753522790742,0.169840264,2
551,1581019753760118007,1581019753590525614,0.169592393,2
552,1581019753859617948,1581019753693185557,0.166432391,2
553,1581019753927540063,1581019753760812247,0.166727816,2
554,1581019754027143955,1581019753862490433,0.164653522,2
555,1581019754095259904,1581019753930197806,0.165062098,2
556,1581019754194864034,1581019754032378685,0.162485349,2
557,1581019754262403011,1581019754100113631,0.16228938,2
558,1581019754361965894,1581019754202048720,0.159917174,2
559,1581019754430444955,1581019754269857627,0.160587328,2
560,1581019754529350996,1581019754337775829,0.191575167,2
561,1581019754597094058,1581019754405526034,0.191568024,2
562,1581019754696912050,1581019754507132370,0.18977968,2
563,1581019754764343976,1581019754574761726,0.18958225,2
564,1581019754864042043,1581019754676255120,0.187786923,2
565,1581019754932188034,1581019754743986178,0.188201856,2
566,1581019755032258033,1581019754845614273,0.18664376,2
567,1581019755099956035,1581019754913361997,0.186594038,2
568,1581019755199280023,1581019755015074182,0.184205841,2
569,1581019755267386913,1581019755082799888,0.184587025,2
570,1581019755366743087,1581019755184498778,0.182244309,2
571,1581019755435132026,1581019755252229909,0.182902117,2
572,1581019755534953117,1581019755353785413,0.181167704,2
573,1581019755602200984,1581019755421591191,0.180609793,2
574,1581019755702219009,1581019755523236989,0.17898202,2
575,1581019755769398927,1581019755590949269,0.178449658,2
576,1581019755869429111,1581019755692606549,0.176822562,2
577,1581019755937727928,1581019755760412438,0.17731549,2
578,1581019756037338972,1581019755862337249,0.175001723,2
579,1581019756105360031,1581019755930096806,0.175263225,2
580,1581019756204823017,1581019756031981913,0.172841104,2
581,1581019756272707939,1581019756099928929,0.17277901,2
582,1581019756372286081,1581019756201762335,0.170523746,2
583,1581019756440588951,1581019756269730702,0.170858249,2
584,1581019756540014982,1581019756371262188,0.168752794,2
585,1581019756607434988,1581019756438934839,0.168500149,2
586,1581019756707509994,1581019756540688339,0.166821655,2
587,1581019756774595975,1581019756608320917,0.166275058,2
588,1581019756874697923,1581019756710039213,0.16465871,2
589,1581019756942893028,1581019756777776345,0.165116683,2
590,1581019757042414903,1581019756880070111,0.162344792,2
591,1581019757110168933,1581019756947790242,0.162378691,2
592,1581019757209963083,1581019757049570519,0.160392564,2
593,1581019757276895999,1581019757117279318,0.159616681,2
594,1581019757376828908,1581019757185073689,0.191755219,2
595,1581019757445067882,1581019757252892356,0.192175526,2
596,1581019757544473886,1581019757354406694,0.190067192,2
597,1581019757612634897,1581019757422082993,0.190551904,2
598,1581019757712522029,1581019757523793568,0.188728461,2
599,1581019757779649972,1581019757591459164,0.188190808,2
600,1581019757879791021,1581019757693129795,0.186661226,2
601,1581019757947804927,1581019757760802576,0.187002351,2
602,1581019758047451972,1581019757862368524,0.185083448,2
603,1581019758114852905,1581019757930043916,0.184808989,2
604,1581019758215226888,1581019758031860340,0.183366548,2
605,1581019758282412052,1581019758099579972,0.18283208,2
606,1581019758382375001,1581019758201097421,0.18127758,2
607,1581019758450098037,1581019758268896088,0.181201949,2
608,1581019758549938917,1581019758370565071,0.179373846,2
609,1581019758617743015,1581019758438631084,0.179111931,2
610,1581019758718197107,1581019758540240920,0.177956187,2
611,1581019758785283088,1581019758608106827,0.177176261,2
612,1581019758885433912,1581019758710197393,0.175236519,2
613,1581019758953258037,1581019758778038485,0.175219552,2
614,1581019759052637100,1581019758879852780,0.17278432,2
615,1581019759121226072,1581019758947775370,0.173450702,2
616,1581019759220845937,1581019759049440038,0.171405899,2
617,1581019759288213014,1581019759117121597,0.171091417,2
618,1581019759388128995,1581019759218782561,0.169346434,2
619,1581019759455825090,1581019759286549877,0.169275213,2
620,1581019759555210113,1581019759388804237,0.166405876,2
621,1581019759623039960,1581019759456440870,0.16659909,2
622,1581019759723591089,1581019759558121186,0.165469903,2
623,1581019759791323900,1581019759625806745,0.165517155,2
624,1581019759890261888,1581019759727978495,0.162283393,2
625,1581019759957849025,1581019759795669146,0.162179879,2
626,1581019760057665109,1581019759897488551,0.160176558,2
627,1581019760125466108,1581019759965203183,0.160262925,2
628,1581019760230233907,1581019760033105793,0.197128114,2
629,1581019760292088985,1581019760101260249,0.190828736,2
630,1581019760396009922,1581019760202850826,0.193159096,2
631,1581019760460028886,1581019760270484404,0.189544482,2
632,1581019760564523935,1581019760372083425,0.19244051,2
633,1581019760627309083,1581019760439823279,0.187485804,2
634,1581019760729792118,1581019760541415615,0.188376503,2
635,1581019760795082092,1581019760609105877,0.185976215,2
636,1581019760897839069,1581019760710628530,0.187210539,2
637,1581019760962235927,1581019760778310385,0.183925542,2
638,1581019761065623044,1581019760880054644,0.1855684,2
639,1581019761130238056,1581019760947777257,0.182460799,2
640,1581019761232140064,1581019761049294836,0.182845228,2
641,1581019761302171945,1581019761116994542,0.185177403,2
642,1581019761399600028,1581019761218470825,0.181129203,2
643,1581019761469588041,1581019761286190179,0.183397862,2
644,1581019761566921949,1581019761387773034,0.179148915,2
645,1581019761637610912,1581019761455577868,0.182033044,2
646,1581019761733758926,1581019761557145001,0.176613925,2
647,1581019761808227062,1581019761624889596,0.183337466,2
648,1581019761904680967,1581019761726519172,0.178161795,2
649,1581019761969872951,1581019761794301636,0.175571315,2
650,1581019762068393945,1581019761896143967,0.172249978,2
651,1581019762138418912,1581019761964048169,0.174370743,2
652,1581019762237073898,1581019762065741059,0.171332839,2
653,1581019762304980993,1581019762133641724,0.171339269,2
654,1581019762404534101,1581019762235254134,0.169279967,2
655,1581019762472017049,1581019762302983117,0.169033932,2
656,1581019762575225114,1581019762404640285,0.170584829,2
657,1581019762639462947,1581019762472315863,0.167147084,2
658,1581019762741992950,1581019762573983957,0.168008993,2
659,1581019762806051015,1581019762641601591,0.164449424,2
660,1581019762909467935,1581019762743425015,0.16604292,2
661,1581019762973603963,1581019762811129610,0.162474353,2
662,1581019763079310894,1581019762912818092,0.166492802,2
663,1581019763144614934,1581019762980509854,0.16410508,2
664,1581019763242568016,1581019763082446350,0.160121666,2
665,1581019763309984922,1581019763149817656,0.160167266,2
666,1581019763410248994,1581019763217517270,0.192731724,2
667,1581019763476363897,1581019763285178366,0.191185531,2
668,1581019763578358888,1581019763386747499,0.191611389,2
669,1581019763644181013,1581019763454410150,0.189770863,2
670,1581019763745706081,1581019763556017820,0.189688261,2
671,1581019763811414003,1581019763623673638,0.187740365,2
672,1581019763912898063,1581019763725188865,0.187709198,2
673,1581019763979545116,1581019763792904923,0.186640193,2
674,1581019764088447093,1581019763894559906,0.193887187,2
675,1581019764167072057,1581019763962217336,0.204854721,2
676,1581019764286231040,1581019764097885817,0.188345223,2
677,1581019764347790002,1581019764165552116,0.182237886,2
678,1581019764449214935,1581019764267138453,0.182076482,2
679,1581019764515208959,1581019764334919287,0.180289672,2
680,1581019764615963935,1581019764436515734,0.179448201,2
681,1581019764683491945,1581019764504273921,0.179218024,2
682,1581019764782876968,1581019764605994625,0.176882343,2
683,1581019764851226091,1581019764673791459,0.177434632,2
684,1581019764950754880,1581019764775690492,0.175064388,2
685,1581019765019824028,1581019764843549399,0.176274629,2
686,1581019765118566989,1581019764945309917,0.173257072,2
687,1581019765187412977,1581019765013411300,0.174001677,2
688,1581019765285914897,1581019765115427405,0.170487492,2
689,1581019765354643106,1581019765183328755,0.171314351,2
690,1581019765453073978,1581019765285627299,0.167446679,2
691,1581019765522880077,1581019765353497076,0.169383001,2
692,1581019765620865106,1581019765455077005,0.165788101,2
693,1581019765688536882,1581019765522760452,0.16577643,2
694,1581019765788005113,1581019765624438009,0.163567104,2
695,1581019765856220006,1581019765692132882,0.164087124,2
696,1581019765955852985,1581019765794126414,0.161726571,2
697,1581019766025396108,1581019765861887748,0.16350836,2
698,1581019766123178005,1581019765963695858,0.159482147,2
699,1581019766191344022,1581019765997593432,0.19375059,2
700,1581019766289890050,1581019766099465652,0.190424398,2
701,1581019766357809066,1581019766167113303,0.190695763,2
702,1581019766458211898,1581019766268636178,0.18957572,2
703,1581019766526031970,1581019766336336662,0.189695308,2
704,1581019766626359939,1581019766437847926,0.188512013,2
705,1581019766693012952,1581019766505584465,0.187428487,2
706,1581019766793267965,1581019766607168820,0.186099145,2
707,1581019766860661029,1581019766674849175,0.185811854,2
708,1581019766960916996,1581019766776491696,0.1844253,2
709,1581019767028769969,1581019766844217364,0.184552605,2
710,1581019767128652095,1581019766945878496,0.182773599,2
711,1581019767195883035,1581019767013631312,0.182251723,2
712,1581019767295989036,1581019767115801303,0.180187733,2
713,1581019767363136053,1581019767183560619,0.179575434,2
714,1581019767463316917,1581019767285235176,0.178081741,2
715,1581019767530898094,1581019767352993362,0.177904732,2
716,1581019767631501913,1581019767454750140,0.176751773,2
717,1581019767698133945,1581019767522792042,0.175341903,2
718,1581019767800704002,1581019767624695094,0.176008908,2
719,1581019767865005970,1581019767692523946,0.172482024,2
720,1581019767967840909,1581019767794365370,0.173475539,2
721,1581019768041065931,1581019767862113983,0.178951948,2
722,1581019768138264894,1581019767963830909,0.174433985,2
723,1581019768206995010,1581019768031559948,0.175435062,2
724,1581019768302467107,1581019768133214635,0.169252472,2
725,1581019768367635011,1581019768201063468,0.166571543,2
726,1581019768469712018,1581019768302737469,0.166974549,2
727,1581019768535617113,1581019768370375269,0.165241844,2
728,1581019768637901067,1581019768472127343,0.165773724,2
729,1581019768703027009,1581019768539849512,0.163177497,2
730,1581019768805094003,1581019768641795415,0.163298588,2
731,1581019768870408058,1581019768709478140,0.160929918,2
732,1581019768972346067,1581019768811194418,0.161151649,2
733,1581019769038388013,1581019768878926568,0.159461445,2
734,1581019769140113115,1581019768947036136,0.193076979,2
735,1581019769204849958,1581019769014717269,0.190132689,2
736,1581019769307022094,1581019769116296791,0.190725303,2
737,1581019769372746944,1581019769183975405,0.188771539,2
738,1581019769474097013,1581019769285514039,0.188582974,2
739,1581019769540638923,1581019769353177227,0.187461696,2
740,1581019769647979974,1581019769454685195,0.193294779,2
741,1581019769707640886,1581019769522349958,0.185290928,2
742,1581019769814802885,1581019769624111828,0.190691057,2
743,1581019769875222921,1581019769691882384,0.183340537,2
744,1581019769981251955,1581019769793486646,0.187765309,2
745,1581019770043152093,1581019769861209056,0.181943037,2
746,1581019770151261091,1581019769962847576,0.188413515,2
747,1581019770209949016,1581019770030769167,0.179179849,2
748,1581019770314656972,1581019770132275542,0.18238143,2
749,1581019770377830982,1581019770200115486,0.177715496,2
750,1581019770480746030,1581019770301748266,0.178997764,2
751,1581019770546202898,1581019770369565359,0.176637539,2
752,1581019770648644924,1581019770471231490,0.177413434,2
753,1581019770713480949,1581019770539132192,0.174348757,2
754,1581019770816250085,1581019770640867359,0.175382726,2
755,1581019770880974054,1581019770708700673,0.172273381,2
756,1581019770983510017,1581019770810385434,0.173124583,2
757,1581019771049237966,1581019770878112454,0.171125512,2
758,1581019771151627063,1581019770979860936,0.171766127,2
759,1581019771216056108,1581019771047572549,0.168483559,2
760,1581019771320316076,1581019771149211440,0.171104636,2
761,1581019771383457899,1581019771217658890,0.165799009,2
762,1581019771486865997,1581019771319354483,0.167511514,2
763,1581019771550399065,1581019771387055893,0.163343172,2
764,1581019771656274080,1581019771488946316,0.167327764,2
765,1581019771718172073,1581019771556676336,0.161495737,2
766,1581019771822660923,1581019771658577407,0.164083516,2
767,1581019771885520935,1581019771726310631,0.159210304,2
768,1581019771987960100,1581019771828187110,0.15977299,2
769,1581019772052772045,1581019771862002297,0.190769748,2
770,1581019772157143115,1581019771963898812,0.193244303,2
771,1581019772220254898,1581019772031609629,0.188645269,2
772,1581019772323827028,1581019772133275668,0.19055136,2
773,1581019772387959003,1581019772200921542,0.187037461,2
774,1581019772490552902,1581019772302466453,0.188086449,2
775,1581019772555951118,1581019772370181400,0.185769718,2
776,1581019772659162044,1581019772471971380,0.187190664,2
777,1581019772723095893,1581019772539737159,0.183358734,2
778,1581019772825984001,1581019772641371050,0.184612951,2
779,1581019772890619993,1581019772709133070,0.181486923,2
780,1581019772992983102,1581019772810889385,0.182093717,2
781,1581019773058407068,1581019772878649571,0.179757497,2
782,1581019773161170959,1581019772980382942,0.180788017,2
783,1581019773226023912,1581019773048204553,0.177819359,2
784,1581019773328975915,1581019773150048606,0.178927309,2
785,1581019773393735885,1581019773217859088,0.175876797,2
786,1581019773496326923,1581019773319666031,0.176660892,2
787,1581019773561568021,1581019773387917281,0.17365074,2
788,1581019773665220022,1581019773489844092,0.17537593,2
789,1581019773729068040,1581019773557727109,0.171340931,2
790,1581019773832321882,1581019773659494256,0.172827626,2
791,1581019773896214962,1581019773727300627,0.168914335,2
792,1581019774000427007,1581019773828950055,0.171476952,2
793,1581019774064218044,1581019773897148565,0.167069479,2
794,1581019774167936086,1581019773999031673,0.168904413,2
795,1581019774231754064,1581019774066713565,0.165040499,2
796,1581019774334307909,1581019774169711557,0.164596352,2
797,1581019774399032115,1581019774237435985,0.16159613,2
798,1581019774502434968,1581019774339317575,0.163117393,2
799,1581019774566359996,1581019774407126464,0.159233532,2
800,1581019774670027017,1581019774508967665,0.161059352,2
801,1581019774733398914,1581019774543293768,0.190105146,2
802,1581019774836981058,1581019774645052008,0.19192905,2
803,1581019774901076078,1581019774712750066,0.188326012,2
804,1581019775005016088,1581019774814372957,0.190643131,2
805,1581019775068869113,1581019774882037646,0.186831467,2
806,1581019775172805070,1581019774983667463,0.189137607,2
807,1581019775236646890,1581019775051446186,0.185200704,2
808,1581019775339829921,1581019775153020208,0.186809713,2
809,1581019775404026985,1581019775220789450,0.183237535,2
810,1581019775507128000,1581019775322524932,0.184603068,2
811,1581019775571388959,1581019775390263582,0.181125377,2
812,1581019775679699897,1581019775491863622,0.187836275,2
813,1581019775742769956,1581019775559599716,0.18317024,2
814,1581019775840907096,1581019775661137887,0.179769209,2
815,1581019775910408973,1581019775728863167,0.181545806,2
816,1581019776008356094,1581019775830513224,0.17784287,2
817,1581019776081815004,1581019775898259670,0.183555334,2
818,1581019776176448106,1581019775999903506,0.1765446,2
819,1581019776250710010,1581019776067649063,0.183060947,2
820,1581019776347047090,1581019776169508227,0.177538863,2
821,1581019776410346031,1581019776237282228,0.173063803,2
822,1581019776511535882,1581019776338949692,0.17258619,2
823,1581019776578381061,1581019776406708675,0.171672386,2
824,1581019776679521083,1581019776508294641,0.171226442,2
825,1581019776745810031,1581019776576054698,0.169755333,2
826,1581019776846579074,1581019776677719774,0.1688593,2
827,1581019776918500900,1581019776745654068,0.172846832,2
828,1581019777014163017,1581019776847351476,0.166811541,2
829,1581019777086095094,1581019776915082589,0.171012505,2
830,1581019777181884050,1581019777016698314,0.165185736,2
831,1581019777251777887,1581019777084398224,0.167379663,2
832,1581019777349148035,1581019777186260370,0.162887665,2
833,1581019777418628931,1581019777254171960,0.164456971,2
834,1581019777516884088,1581019777356146900,0.160737188,2
835,1581019777585411071,1581019777423874365,0.161536706,2
836,1581019777684191942,1581019777491939026,0.192252916,2
837,1581019777753664970,1581019777559629807,0.194035163,2
838,1581019777851141929,1581019777661190403,0.189951526,2
839,1581019777920944929,1581019777728841055,0.192103874,2
840,1581019778019762992,1581019777830431206,0.189331786,2
841,1581019778087347030,1581019777898104080,0.18924295,2
842,1581019778186598062,1581019777999685342,0.18691272,2
843,1581019778255146980,1581019778067416678,0.187730302,2
844,1581019778353534936,1581019778168996700,0.184538236,2
845,1581019778422049045,1581019778236701165,0.18534788,2
846,1581019778522130012,1581019778338251262,0.18387875,2
847,1581019778589488983,1581019778406057595,0.183431388,2
848,1581019778689014911,1581019778507764689,0.181250222,2
849,1581019778757652044,1581019778575492043,0.182160001,2
850,1581019778856412887,1581019778677122489,0.179290398,2
851,1581019778925158023,1581019778744927305,0.180230718,2
852,1581019779024406909,1581019778846702341,0.177704568,2
853,1581019779093090057,1581019778914475064,0.178614993,2
854,1581019779192106008,1581019779016189324,0.175916684,2
855,1581019779258886098,1581019779084033286,0.174852812,2
856,1581019779359323978,1581019779185967504,0.173356474,2
857,1581019779425692081,1581019779253923928,0.171768153,2
858,1581019779527554035,1581019779355603355,0.17195068,2
859,1581019779593682050,1581019779423387948,0.170294102,2
860,1581019779694467067,1581019779525021043,0.169446024,2
861,1581019779761130094,1581019779592767822,0.168362272,2
862,1581019779861906051,1581019779695614836,0.166291215,2
863,1581019779928596973,1581019779763282561,0.165314412,2
864,1581019780030302047,1581019779865302240,0.164999807,2
865,1581019780095940113,1581019779932971855,0.162968258,2
866,1581019780197053909,1581019780034835852,0.162218057,2
867,1581019780263097047,1581019780102557854,0.160539193,2
868,1581019780364061117,1581019780204330224,0.159730893,2
869,1581019780430715084,1581019780272066041,0.158649043,2
870,1581019780532133102,1581019780340114425,0.192018677,2
871,1581019780598040103,1581019780407790891,0.190249212,2
872,1581019780699139118,1581019780509302655,0.189836463,2
873,1581019780765522956,1581019780576976380,0.188546576,2
874,1581019780866581916,1581019780678555106,0.18802681,2
875,1581019780933192014,1581019780746328329,0.186863685,2
876,1581019781034908056,1581019780847953276,0.18695478,2
877,1581019781100929021,1581019780915628261,0.18530076,2
878,1581019781201692104,1581019781017269133,0.184422971,2
879,1581019781268415927,1581019781084971006,0.183444921,2
880,1581019781369560003,1581019781186571380,0.182988623,2
881,1581019781436049938,1581019781254313807,0.181736131,2
882,1581019781537664890,1581019781355939495,0.181725395,2
883,1581019781603873968,1581019781423831771,0.180042197,2
884,1581019781704509973,1581019781525447422,0.179062551,2
885,1581019781771244049,1581019781593229663,0.178014386,2
886,1581019781872173070,1581019781695022570,0.1771505,2
887,1581019781938693046,1581019781762796997,0.175896049,2
888,1581019782041044950,1581019781864504738,0.176540212,2
889,1581019782106472969,1581019781932557567,0.173915402,2
890,1581019782207614898,1581019782034365287,0.173249611,2
891,1581019782273938894,1581019782102158714,0.17178018,2
892,1581019782375391960,1581019782203984286,0.171407674,2
893,1581019782441247940,1581019782271755213,0.169492727,2
894,1581019782542845964,1581019782373324754,0.16952121,2
895,1581019782609074115,1581019782442209713,0.166864402,2
896,1581019782710004091,1581019782544198041,0.16580605,2
897,1581019782776257038,1581019782611986338,0.1642707,2
898,1581019782877322912,1581019782714498747,0.162824165,2
899,1581019782943840026,1581019782782214009,0.161626017,2
900,1581019783045577049,1581019782884014841,0.161562208,2
901,1581019783111506938,1581019782951785620,0.159721318,2
902,1581019783212141990,1581019783053526175,0.158615815,2
903,1581019783278335094,1581019783087514470,0.190820624,2
904,1581019783379760026,1581019783189162231,0.190597795,2
905,1581019783445946931,1581019783256789865,0.189157066,2
906,1581019783547349929,1581019783358263130,0.189086799,2
907,1581019783613771915,1581019783425905726,0.187866189,2
908,1581019783714458942,1581019783527436879,0.187022063,2
909,1581019783781471014,1581019783595106975,0.186364039,2
910,1581019783882257938,1581019783696802031,0.185455907,2
911,1581019783948793888,1581019783764561829,0.184232059,2
912,1581019784050250053,1581019783866210331,0.184039722,2
913,1581019784116803884,1581019783933914296,0.182889588,2
914,1581019784217325925,1581019784035545224,0.181780701,2
915,1581019784284339904,1581019784103278800,0.181061104,2
916,1581019784385274887,1581019784204784916,0.180489971,2
917,1581019784451545953,1581019784272627398,0.178918555,2
918,1581019784552812099,1581019784374267214,0.178544885,2
919,1581019784619151115,1581019784442011438,0.177139677,2
920,1581019784721126079,1581019784543745661,0.177380418,2
921,1581019784787240982,1581019784611556179,0.175684803,2
922,1581019784888102054,1581019784713437713,0.174664341,2
923,1581019784954777956,1581019784781485375,0.173292581,2
924,1581019785056356906,1581019784883182395,0.173174511,2
925,1581019785122360944,1581019784950915323,0.171445621,2
926,1581019785223412036,1581019785052505344,0.170906692,2
927,1581019785289798021,1581019785120213051,0.16958497,2
928,1581019785390989065,1581019785222068770,0.168920295,2
929,1581019785457952022,1581019785290826213,0.167125809,2
930,1581019785558842897,1581019785392443271,0.166399626,2
931,1581019785624687910,1581019785460107867,0.164580043,2
932,1581019785725584983,1581019785562087159,0.163497824,2
933,1581019785792354106,1581019785630139617,0.162214489,2
934,1581019785893376111,1581019785732072668,0.161303443,2
935,1581019785959471940,1581019785799791282,0.159680658,2
936,1581019786061291933,1581019785901662668,0.159629265,2
937,1581019786126900911,1581019785935459837,0.191441074,2
938,1581019786227941989,1581019786037423387,0.190518602,2
939,1581019786294478893,1581019786105075169,0.189403724,2
940,1581019786395456075,1581019786206638969,0.188817106,2
941,1581019786461920022,1581019786274259010,0.187661012,2
942,1581019786563465118,1581019786375829847,0.187635271,2
943,1581019786629319906,1581019786443498832,0.185821074,2
944,1581019786730207920,1581019786545171241,0.185036679,2
945,1581019786797005891,1581019786612850299,0.184155592,2
946,1581019786898111104,1581019786714548023,0.183563081,2
947,1581019786964479923,1581019786782242618,0.182237305,2
948,1581019787065952062,1581019786883899083,0.182052979,2
949,1581019787132222890,1581019786951668158,0.180554732,2
950,1581019787233180999,1581019787053280624,0.179900375,2
951,1581019787299563884,1581019787121037236,0.178526648,2
952,1581019787400882959,1581019787222909715,0.177973244,2
953,1581019787467377901,1581019787290682716,0.176695185,2
954,1581019787569123029,1581019787392262330,0.176860699,2
955,1581019787635004997,1581019787460104423,0.174900574,2
956,1581019787736396074,1581019787562311098,0.174084976,2
957,1581019787802670955,1581019787630132672,0.172538283,2
958,1581019787903846025,1581019787731861820,0.171984205,2
959,1581019787970537900,1581019787799651377,0.170886523,2
960,1581019788071983098,1581019787901362599,0.170620499,2
961,1581019788137783050,1581019787969251283,0.168531767,2
962,1581019788239264965,1581019788070864564,0.168400401,2
963,1581019788304924964,1581019788138920799,0.166004165,2
964,1581019788407871961,1581019788240642522,0.167229439,2
965,1581019788472738027,1581019788308503336,0.164234691,2
966,1581019788575522899,1581019788410323797,0.165199102,2
967,1581019788639983892,1581019788478008411,0.161975481,2
968,1581019788743040084,1581019788580188569,0.162851515,2
969,1581019788807408094,1581019788647948959,0.159459135,2
970,1581019788910083055,1581019788749737680,0.160345375,2
971,1581019788974514961,1581019788783562515,0.190952446,2
972,1581019789077337980,1581019788885367884,0.191970096,2
973,1581019789141902923,1581019788953023777,0.188879146,2
974,1581019789244986057,1581019789054575244,0.190410813,2
975,1581019789309954881,1581019789122231321,0.18772356,2
976,1581019789412446022,1581019789224008617,0.188437405,2
977,1581019789477299928,1581019789291679972,0.185619956,2
978,1581019789580324888,1581019789393212958,0.18711193,2
979,1581019789644350051,1581019789460895257,0.183454794,2
980,1581019789747951030,1581019789562495297,0.185455733,2
981,1581019789812633037,1581019789630160282,0.182472755,2
982,1581019789914733886,1581019789732020335,0.182713551,2
983,1581019789979984045,1581019789799829965,0.18015408,2
984,1581019790082835912,1581019789901897088,0.180938824,2
985,1581019790147470951,1581019789969750309,0.177720642,2
986,1581019790249593019,1581019790071294684,0.178298335,2
987,1581019790315196990,1581019790139107036,0.176089954,2
988,1581019790417757987,1581019790240748408,0.177009579,2
989,1581019790482882976,1581019790308766386,0.17411659,2
990,1581019790585305929,1581019790410733418,0.174572511,2
991,1581019790649915933,1581019790478604509,0.171311424,2
992,1581019790752808094,1581019790580327288,0.172480806,2
993,1581019790817967891,1581019790648114492,0.169853399,2
994,1581019790919750928,1581019790749806975,0.169943953,2
995,1581019790985080003,1581019790818846189,0.166233814,2
996,1581019791087692975,1581019790920960848,0.166732127,2
997,1581019791153192043,1581019790988695794,0.164496249,2
998,1581019791255064010,1581019791090595032,0.164468978,2
999,1581019791320372104,1581019791158336941,0.162035163,2
1000,1581019791422482967,1581019791260199883,0.162283084,2
1001,1581019791487672090,1581019791328033920,0.15963817,2
1002,1581019791589860916,1581019791429846807,0.160014109,2
